ticket_id,milestone,title,status,dependencies,files,definition_of_done
M1-001,M1,Repository Bootstrap,ACCEPTED,,README.md;CHANGELOG.md;VERSION;ARCHITECTURE-LOCK.yaml;BUILD-MANIFEST.yaml,code_or_artifact_complete;required_tests_pass;contract_references_present;dependencies_accepted;pass_criteria_satisfied
M1-002,M1,Contract Manifest & Architecture Lock,ACCEPTED,M1-001,CONTRACT-MANIFEST.yaml;src/kernel/contracts/manifest_loader.py;src/kernel/contracts/hash_verifier.py,code_or_artifact_complete;required_tests_pass;contract_references_present;dependencies_accepted;pass_criteria_satisfied
M1-003,M1,Registry Loader & Cross-Reference Validator,ACCEPTED,M1-002,src/kernel/registry/loader.py;src/kernel/registry/cross_reference_validator.py,code_or_artifact_complete;required_tests_pass;contract_references_present;dependencies_accepted;pass_criteria_satisfied
M1-004,M1,Canonical Serialization & Hash Library,ACCEPTED,M1-003,src/shared/canonical_json.py;src/shared/hash.py;src/shared/normalization.py,code_or_artifact_complete;required_tests_pass;contract_references_present;dependencies_accepted;pass_criteria_satisfied
M1-005,M1,PostgreSQL Foundation,ACCEPTED,M1-004,database/migrations/0001_extensions.sql;database/migrations/0002_reference_tables.sql,code_or_artifact_complete;required_tests_pass;contract_references_present;dependencies_accepted;pass_criteria_satisfied
M1-006,M1,Reference Tables & Seed Registry,ACCEPTED,M1-005,database/seeds/reference_states.sql,code_or_artifact_complete;required_tests_pass;contract_references_present;dependencies_accepted;pass_criteria_satisfied
M1-007,M1,Audit & Event Persistence,ACCEPTED,M1-006,database/migrations/0070_audit_tables.sql,code_or_artifact_complete;required_tests_pass;contract_references_present;dependencies_accepted;pass_criteria_satisfied
M1-008,M1,Processed Command Ledger,ACCEPTED,M1-007,database/migrations/0073_processed_commands.sql,code_or_artifact_complete;required_tests_pass;contract_references_present;dependencies_accepted;pass_criteria_satisfied
M1-009,M1,Transactional Outbox,ACCEPTED,M1-008,database/migrations/0072_outbox.sql;workers/outbox_dispatcher/worker.py,code_or_artifact_complete;required_tests_pass;contract_references_present;dependencies_accepted;pass_criteria_satisfied
M1-010,M1,Event Runtime,ACCEPTED,M1-009,src/kernel/events/event_writer.py,code_or_artifact_complete;required_tests_pass;contract_references_present;dependencies_accepted;pass_criteria_satisfied
M1-011,M1,Transition Registry Runtime,ACCEPTED,M1-010,src/kernel/transitions/transition_registry.py,code_or_artifact_complete;required_tests_pass;contract_references_present;dependencies_accepted;pass_criteria_satisfied
M1-012,M1,Guard Runtime,ACCEPTED,M1-011,src/kernel/guards/guard_runner.py,code_or_artifact_complete;required_tests_pass;contract_references_present;dependencies_accepted;pass_criteria_satisfied
M1-013,M1,State Adapter Framework,ACCEPTED,M1-012,src/kernel/state/state_adapter.py,code_or_artifact_complete;required_tests_pass;contract_references_present;dependencies_accepted;pass_criteria_satisfied
M1-014,M1,Transition Engine,ACCEPTED,M1-013,src/kernel/transitions/transition_engine.py,code_or_artifact_complete;required_tests_pass;contract_references_present;dependencies_accepted;pass_criteria_satisfied
M1-015,M1,Database Roles & Grants,ACCEPTED,M1-014,database/migrations/0140_database_roles.sql;database/migrations/0141_database_grants.sql,code_or_artifact_complete;required_tests_pass;contract_references_present;dependencies_accepted;pass_criteria_satisfied
M1-016,M1,Kernel Certification Suite,ACCEPTED,M1-015,tests/e2e/kernel/test_full_transition.py,code_or_artifact_complete;required_tests_pass;contract_references_present;dependencies_accepted;pass_criteria_satisfied
M2-001,M2,Governed-State Read Contract,ACCEPTED,M1-016,,code_or_artifact_complete;required_tests_pass;contract_references_present;dependencies_accepted;pass_criteria_satisfied
M2-002,M2,Snapshot Persistence Completion,ACCEPTED,M2-001,,code_or_artifact_complete;required_tests_pass;contract_references_present;dependencies_accepted;pass_criteria_satisfied
M2-003,M2,Snapshot Requirement Registry,ACCEPTED,M2-002,,code_or_artifact_complete;required_tests_pass;contract_references_present;dependencies_accepted;pass_criteria_satisfied
M2-004,M2,Snapshot Requirement Engine,ACCEPTED,M2-003,,code_or_artifact_complete;required_tests_pass;contract_references_present;dependencies_accepted;pass_criteria_satisfied
M2-005,M2,Finding Freezer,ACCEPTED,M2-004,,code_or_artifact_complete;required_tests_pass;contract_references_present;dependencies_accepted;pass_criteria_satisfied
M2-006,M2,Passport Reference Capture,ACCEPTED,M2-005,,code_or_artifact_complete;required_tests_pass;contract_references_present;dependencies_accepted;pass_criteria_satisfied
M2-007,M2,Finding Fingerprint Engine,ACCEPTED,M2-006,,code_or_artifact_complete;required_tests_pass;contract_references_present;dependencies_accepted;pass_criteria_satisfied
M2-008,M2,Snapshot & Variant Fingerprints,ACCEPTED,M2-007,,code_or_artifact_complete;required_tests_pass;contract_references_present;dependencies_accepted;pass_criteria_satisfied
M2-009,M2,Snapshot Deduplication,ACCEPTED,M2-008,,code_or_artifact_complete;required_tests_pass;contract_references_present;dependencies_accepted;pass_criteria_satisfied
M2-010,M2,Dependency Manifest Builder,ACCEPTED,M2-009,,code_or_artifact_complete;required_tests_pass;contract_references_present;dependencies_accepted;pass_criteria_satisfied
M2-011,M2,Snapshot Creation Service,ACCEPTED,M2-010,,code_or_artifact_complete;required_tests_pass;contract_references_present;dependencies_accepted;pass_criteria_satisfied
M2-012,M2,Snapshot Diff Engine,ACCEPTED,M2-011,,code_or_artifact_complete;required_tests_pass;contract_references_present;dependencies_accepted;pass_criteria_satisfied
M2-013,M2,Current Snapshot Read Model,ACCEPTED,M2-012,,code_or_artifact_complete;required_tests_pass;contract_references_present;dependencies_accepted;pass_criteria_satisfied
M2-014,M2,Dependency Impact Rule Registry,ACCEPTED,M2-013,,code_or_artifact_complete;required_tests_pass;contract_references_present;dependencies_accepted;pass_criteria_satisfied
M2-015,M2,Dependency Reverse Lookup,ACCEPTED,M2-014,,code_or_artifact_complete;required_tests_pass;contract_references_present;dependencies_accepted;pass_criteria_satisfied
M2-016,M2,Single-Change Impact Evaluator,ACCEPTED,M2-015,,code_or_artifact_complete;required_tests_pass;contract_references_present;dependencies_accepted;pass_criteria_satisfied
M2-017,M2,Impact Persistence,ACCEPTED,M2-016,,code_or_artifact_complete;required_tests_pass;contract_references_present;dependencies_accepted;pass_criteria_satisfied
M2-018,M2,Bulk Dependency Change Batches,ACCEPTED,M2-017,database/migrations/0190_dependency_change_batches.sql;database/migrations/0191_dependency_change_items.sql;src/dependency/batch/models.py;src/dependency/batch/repository.py,code_or_artifact_complete;required_tests_pass;contract_references_present;dependencies_accepted;pass_criteria_satisfied
M2-019,M2,Bulk Impact Evaluator,ACCEPTED,M2-018,src/dependency/batch/evaluator.py;workers/dependency_batch_worker/worker.py,code_or_artifact_complete;required_tests_pass;contract_references_present;dependencies_accepted;pass_criteria_satisfied
M2-020,M2,Block / Invalidation Escalation,ACCEPTED,M2-019,database/migrations/0104_operations_review_items.sql;src/dependency/escalation/service.py,code_or_artifact_complete;required_tests_pass;contract_references_present;dependencies_accepted;pass_criteria_satisfied
M2-021,M2,Milestone 2 Certification Suite,ACCEPTED,M2-020,tests/e2e/milestone2/test_milestone2_certification.py;tests/unit/dependency/test_bulk_batch_repository.py;tests/unit/dependency/test_bulk_impact_evaluator.py;tests/unit/dependency/test_escalation.py,code_or_artifact_complete;required_tests_pass;contract_references_present;dependencies_accepted;pass_criteria_satisfied
M3-001,M3,Regeneration Job Persistence Completion,ACCEPTED,M2-021,database/migrations/0060_regeneration_jobs.sql;database/migrations/0061_job_indexes.sql;database/migrations/0062_regeneration_job_extensions.sql;src/regeneration/repository/models.py;src/regeneration/repository/job_repository.py;tests/unit/regeneration/test_job_persistence.py;tests/unit/regeneration/test_regeneration_migrations.py,code_or_artifact_complete;required_tests_pass;contract_references_present;dependencies_accepted;pass_criteria_satisfied
M3-002,M3,Regeneration Priority Registry,ACCEPTED,M3-001,registries/regeneration/priorities.yaml;schemas/regeneration/priority-rule.schema.json;src/regeneration/priority/registry.py;src/regeneration/priority/resolver.py;tests/unit/regeneration/test_priority.py,code_or_artifact_complete;required_tests_pass;contract_references_present;dependencies_accepted;pass_criteria_satisfied
M3-003,M3,Job Target Key Engine,ACCEPTED,M3-002,src/regeneration/target/target_key.py;tests/unit/regeneration/test_target_key.py,code_or_artifact_complete;required_tests_pass;contract_references_present;dependencies_accepted;pass_criteria_satisfied
M3-004,M3,Regeneration Queue Service,ACCEPTED,M3-003,,code_or_artifact_complete;required_tests_pass;contract_references_present;dependencies_accepted;pass_criteria_satisfied
M3-005,M3,Worker Claim / Lease / Heartbeat,ACCEPTED,M3-004,,code_or_artifact_complete;required_tests_pass;contract_references_present;dependencies_accepted;pass_criteria_satisfied
M3-006,M3,Retry Classification & Recovery,ACCEPTED,M3-005,,code_or_artifact_complete;required_tests_pass;contract_references_present;dependencies_accepted;pass_criteria_satisfied
M3-007,M3,Variant-Specific Job Freshness,ACCEPTED,M3-006,,code_or_artifact_complete;required_tests_pass;contract_references_present;dependencies_accepted;pass_criteria_satisfied
M3-008,M3,Report Persistence Completion,ACCEPTED,M3-007,,code_or_artifact_complete;required_tests_pass;contract_references_present;dependencies_accepted;pass_criteria_satisfied
M3-009,M3,Report Version Counter,ACCEPTED,M3-008,,code_or_artifact_complete;required_tests_pass;contract_references_present;dependencies_accepted;pass_criteria_satisfied
M3-010,M3,Canonical Report Schema,ACCEPTED,M3-009,schemas/reports/canonical-report.schema.json;schemas/reports/report-metadata.schema.json;schemas/reports/report-section.schema.json;schemas/reports/report-card.schema.json;schemas/reports/report-finding.schema.json;schemas/reports/evidence-disclosure.schema.json;schemas/reports/glossary-entry.schema.json;schemas/reports/media-slot.schema.json;schemas/reports/diagram-slot.schema.json;src/report_builder/schema/canonical_report.py;tests/unit/report_builder/test_canonical_report_schema.py,code_or_artifact_complete;required_tests_pass;contract_references_present;dependencies_accepted;pass_criteria_satisfied
M3-011,M3,Variant Policy Registry,ACCEPTED,M3-010,schemas/reports/report-variant-policy.schema.json;registries/report-variants/agent.yaml;registries/report-variants/seller.yaml;registries/report-variants/public.yaml;src/report_builder/variant/registry.py;tests/unit/report_builder/test_variant_policy_registry.py,code_or_artifact_complete;required_tests_pass;contract_references_present;dependencies_accepted;pass_criteria_satisfied
M3-012,M3,Report Section Registry,ACCEPTED,M3-011,schemas/reports/report-section-registry.schema.json;registries/report-sections/sections.yaml;src/report_builder/sections/registry.py;tests/unit/report_builder/test_section_registry.py,code_or_artifact_complete;required_tests_pass;contract_references_present;dependencies_accepted;pass_criteria_satisfied
M3-013,M3,Finding Selection Engine,ACCEPTED,M3-012,src/report_builder/findings/selector.py;src/report_builder/findings/__init__.py;tests/unit/report_builder/test_finding_selector.py,code_or_artifact_complete;required_tests_pass;contract_references_present;dependencies_accepted;pass_criteria_satisfied
M3-014,M3,Approved Wording Resolver,ACCEPTED,M3-013,src/report_builder/wording/resolver.py;src/report_builder/wording/__init__.py;tests/unit/report_builder/test_wording_resolver.py,code_or_artifact_complete;required_tests_pass;contract_references_present;dependencies_accepted;pass_criteria_satisfied
M3-015,M3,Friendly Label Resolver,ACCEPTED,M3-014,registries/friendly-labels/friendly-labels-v1.0.yaml;src/report_builder/labels/resolver.py;src/report_builder/labels/__init__.py;tests/unit/report_builder/test_friendly_labels.py,code_or_artifact_complete;required_tests_pass;contract_references_present;dependencies_accepted;pass_criteria_satisfied
M3-016,M3,Glossary Resolver,ACCEPTED,M3-015,registries/glossary/glossary-v1.0.yaml;src/report_builder/glossary/resolver.py;src/report_builder/glossary/__init__.py;tests/unit/report_builder/test_glossary_resolver.py,code_or_artifact_complete;required_tests_pass;contract_references_present;dependencies_accepted;pass_criteria_satisfied
M3-017,M3,Report Dependency Manifest Builder,ACCEPTED,M3-016,,code_or_artifact_complete;required_tests_pass;contract_references_present;dependencies_accepted;pass_criteria_satisfied
M3-018,M3,Report Input Hash Engine,ACCEPTED,M3-017,,code_or_artifact_complete;required_tests_pass;contract_references_present;dependencies_accepted;pass_criteria_satisfied
M3-019,M3,Canonical Payload Builder,ACCEPTED,M3-018,,code_or_artifact_complete;required_tests_pass;contract_references_present;dependencies_accepted;pass_criteria_satisfied
M3-020,M3,Canonical Payload Hashing,ACCEPTED,M3-019,src/report_builder/hashing/canonical_payload_hash.py;src/report_builder/hashing/__init__.py;tests/unit/report_builder/test_canonical_payload_hash.py,code_or_artifact_complete;required_tests_pass;contract_references_present;dependencies_accepted;pass_criteria_satisfied
M3-021,M3,Report Deduplication,ACCEPTED,M3-020,src/report_builder/deduplication/engine.py;src/report_builder/deduplication/__init__.py;tests/unit/report_builder/test_report_deduplication.py,code_or_artifact_complete;required_tests_pass;contract_references_present;dependencies_accepted;pass_criteria_satisfied
M3-022,M3,Version Allocation & Persistence,ACCEPTED,M3-021,src/report_builder/persistence/service.py;src/report_builder/persistence/__init__.py;src/report_builder/repository/models.py;src/report_builder/repository/report_repository.py;database/migrations/0034_report_dependency_source_scope.sql;tests/unit/report_builder/test_report_persistence_service.py;tests/unit/report_builder/test_report_persistence_m3_022_migration.py,code_or_artifact_complete;required_tests_pass;contract_references_present;dependencies_accepted;pass_criteria_satisfied
M3-023,M3,Report Validation Engine,ACCEPTED,M3-022,src/report_builder/validation/engine.py;src/report_builder/validation/__init__.py;tests/unit/report_builder/test_report_validation_engine.py,code_or_artifact_complete;required_tests_pass;contract_references_present;dependencies_accepted;pass_criteria_satisfied
M3-024,M3,READY Immutability,ACCEPTED,M3-023,database/migrations/0035_ready_semantic_immutability.sql;tests/unit/report_builder/test_ready_immutability.py;docs/implementation/M3-024.md,code_or_artifact_complete;required_tests_pass;contract_references_present;dependencies_accepted;pass_criteria_satisfied
M3-025,M3,Report Semantic Diff Engine,ACCEPTED,M3-024,src/report_builder/diff/engine.py;src/report_builder/diff/persistence.py;src/report_builder/diff/__init__.py;src/report_builder/repository/report_repository.py;tests/unit/report_builder/test_report_semantic_diff.py;docs/implementation/M3-025.md,code_or_artifact_complete;required_tests_pass;contract_references_present;dependencies_accepted;pass_criteria_satisfied
M3-026,M3,Regeneration Worker Integration,ACCEPTED,M3-025,workers/regeneration_worker/worker.py;workers/regeneration_worker/__init__.py;src/regeneration/repository/job_repository.py;tests/unit/regeneration/test_worker_integration.py;docs/implementation/M3-026.md,code_or_artifact_complete;required_tests_pass;contract_references_present;dependencies_accepted;pass_criteria_satisfied
M3-027,M3,Milestone 3 Certification Suite,ACCEPTED,M3-026,tests/certification/m3/test_milestone3_certification.py;docs/implementation/M3-027.md,code_or_artifact_complete;required_tests_pass;contract_references_present;dependencies_accepted;pass_criteria_satisfied
M4-001,M4,Render Persistence Completion,ACCEPTED,M3-027,database/migrations/0040_render_tables.sql;database/migrations/0041_render_indexes.sql;src/renderer/repository/models.py;src/renderer/repository/render_repository.py;tests/unit/renderer/test_render_persistence.py;tests/persistence/test_render_schema_persistence.py;docs/implementation/M4-001.md,code_or_artifact_complete;required_tests_pass;contract_references_present;dependencies_accepted;pass_criteria_satisfied
M4-002,M4,Render Version Counters,ACCEPTED,M4-001,database/migrations/0042_render_version_counters.sql;src/renderer/versioning/allocator.py;src/renderer/versioning/__init__.py;tests/unit/renderer/test_render_version_allocator.py;tests/persistence/test_render_version_counter_schema.py;docs/implementation/M4-002.md,code_or_artifact_complete;required_tests_pass;contract_references_present;dependencies_accepted;pass_criteria_satisfied
M4-003,M4,Render Contract Registry,ACCEPTED,M4-002,registries/render-contracts/render-contracts-v1.0.yaml;src/renderer/contracts/registry.py;src/renderer/contracts/__init__.py;tests/unit/renderer/test_render_contract_registry.py;docs/implementation/M4-003.md,code_or_artifact_complete;required_tests_pass;contract_references_present;dependencies_accepted;pass_criteria_satisfied
M4-004,M4,Presentation Input Hash Engine,ACCEPTED,M4-003,src/renderer/hashing/presentation_input_hash.py;src/renderer/hashing/__init__.py;tests/unit/renderer/test_presentation_input_hash.py;docs/implementation/M4-004.md,code_or_artifact_complete;required_tests_pass;contract_references_present;dependencies_accepted;pass_criteria_satisfied
M4-005,M4,Media Slot Binding,ACCEPTED,M4-004,registries/media/media-policy-v1.0.yaml;schemas/rendering/media-asset.schema.json;src/renderer/media/binder.py;src/renderer/media/__init__.py;tests/unit/renderer/test_media_slot_binding.py;docs/implementation/M4-005.md,code_or_artifact_complete;required_tests_pass;contract_references_present;dependencies_accepted;pass_criteria_satisfied
M4-006,M4,Diagram Slot Binding,ACCEPTED,M4-005,registries/diagrams/diagram-policy-v1.0.yaml;schemas/rendering/diagram-asset.schema.json;src/renderer/diagrams/binder.py;src/renderer/diagrams/__init__.py;tests/unit/renderer/test_diagram_slot_binding.py;docs/implementation/M4-006.md,code_or_artifact_complete;required_tests_pass;contract_references_present;dependencies_accepted;pass_criteria_satisfied
M4-007,M4,Render Request Service,ACCEPTED,M4-006,src/renderer/requests/service.py;src/renderer/requests/__init__.py;tests/unit/renderer/test_render_request_service.py;docs/implementation/M4-007.md,code_or_artifact_complete;required_tests_pass;contract_references_present;dependencies_accepted;pass_criteria_satisfied
M4-008,M4,WEB Render Adapter,ACCEPTED,M4-007,src/renderer/adapters/common.py;src/renderer/adapters/web.py;src/renderer/adapters/__init__.py;tests/unit/renderer/test_web_render_adapter.py;docs/implementation/M4-008.md,code_or_artifact_complete;required_tests_pass;contract_references_present;dependencies_accepted;pass_criteria_satisfied
M4-009,M4,PDF Render Adapter,ACCEPTED,M4-008,src/renderer/adapters/pdf.py;tests/unit/renderer/test_pdf_render_adapter.py;docs/implementation/M4-009.md,code_or_artifact_complete;required_tests_pass;contract_references_present;dependencies_accepted;pass_criteria_satisfied
M4-010,M4,PRINT Render Adapter,ACCEPTED,M4-009,src/renderer/adapters/print.py;tests/unit/renderer/test_print_render_adapter.py;docs/implementation/M4-010.md,code_or_artifact_complete;required_tests_pass;contract_references_present;dependencies_accepted;pass_criteria_satisfied
M4-011,M4,Render Deduplication,ACCEPTED,M4-010,src/renderer/deduplication/engine.py;src/renderer/deduplication/__init__.py;tests/unit/renderer/test_render_deduplication.py;docs/implementation/M4-011.md,code_or_artifact_complete;required_tests_pass;contract_references_present;dependencies_accepted;pass_criteria_satisfied
M4-012,M4,Render Validation,ACCEPTED,M4-011,src/renderer/validation/engine.py;tests/unit/renderer/test_render_validation.py;database/migrations/0044_render_integrity_constraints.sql,code_or_artifact_complete;required_tests_pass;contract_references_present;dependencies_accepted;pass_criteria_satisfied
M4-013,M4,Render Artifact Immutability,ACCEPTED,M4-012,database/migrations/0043_render_ready_immutability.sql;tests/persistence/test_render_immutability_schema.py,code_or_artifact_complete;required_tests_pass;contract_references_present;dependencies_accepted;pass_criteria_satisfied
M4-014,M4,Storage Integrity,ACCEPTED,M4-013,src/renderer/storage/integrity.py;tests/unit/renderer/test_storage_integrity.py;database/migrations/0044_render_integrity_constraints.sql,code_or_artifact_complete;required_tests_pass;contract_references_present;dependencies_accepted;pass_criteria_satisfied
M4-015,M4,Publication Persistence Completion,ACCEPTED,M4-014,database/migrations/0045_publication_persistence.sql;database/migrations/0046_publication_history_immutability.sql;src/publication/repository/publication_repository.py;tests/persistence/test_publication_persistence_schema.py,code_or_artifact_complete;required_tests_pass;contract_references_present;dependencies_accepted;pass_criteria_satisfied
M4-016,M4,Current Semantic Report Model,ACCEPTED,M4-015,src/publication/current/model.py;tests/unit/publication/test_publication_pointer_models.py,code_or_artifact_complete;required_tests_pass;contract_references_present;dependencies_accepted;pass_criteria_satisfied
M4-017,M4,Publication Channel Pointer Model,ACCEPTED,M4-016,src/publication/channels/model.py;tests/unit/publication/test_publication_pointer_models.py,code_or_artifact_complete;required_tests_pass;contract_references_present;dependencies_accepted;pass_criteria_satisfied
M4-018,M4,Publication Staging,ACCEPTED,M4-017,database/migrations/0047_publication_staging.sql;src/publication/staging/models.py;src/publication/staging/repository.py;tests/unit/publication/test_publication_staging.py;tests/persistence/test_publication_staging_schema.py;docs/implementation/M4-018.md,code_or_artifact_complete;required_tests_pass;contract_references_present;dependencies_accepted;pass_criteria_satisfied
M4-019,M4,Publication Guard Engine,ACCEPTED,M4-018,src/publication/guards/engine.py;tests/unit/publication/test_publication_guard_engine.py;docs/implementation/M4-019.md,code_or_artifact_complete;required_tests_pass;contract_references_present;dependencies_accepted;pass_criteria_satisfied
M4-020,M4,Pre-Publication Variant Freshness,ACCEPTED,M4-019,src/publication/freshness/checker.py;tests/unit/publication/test_prepublication_freshness.py;docs/implementation/M4-020.md,code_or_artifact_complete;required_tests_pass;contract_references_present;dependencies_accepted;pass_criteria_satisfied
M4-021,M4,Atomic Publication Service,ACCEPTED,M4-020,src/publication/service/atomic_publish.py;src/publication/repository/publication_repository.py;src/publication/repository/models.py;tests/unit/publication/test_atomic_publication_service.py;docs/implementation/M4-021.md,code_or_artifact_complete;required_tests_pass;contract_references_present;dependencies_accepted;pass_criteria_satisfied
M4-022,M4,Supersession & Publication History,ACCEPTED,M4-021,src/publication/history/service.py;src/publication/repository/publication_repository.py,code_or_artifact_complete;required_tests_pass;contract_references_present;dependencies_accepted;pass_criteria_satisfied
M4-023,M4,Presentation-Only Render Promotion,ACCEPTED,M4-022,src/publication/lifecycle/service.py,code_or_artifact_complete;required_tests_pass;contract_references_present;dependencies_accepted;pass_criteria_satisfied
M4-024,M4,Unpublish,ACCEPTED,M4-023,src/publication/lifecycle/service.py,code_or_artifact_complete;required_tests_pass;contract_references_present;dependencies_accepted;pass_criteria_satisfied
M4-025,M4,Republish,ACCEPTED,M4-024,src/publication/lifecycle/service.py,code_or_artifact_complete;required_tests_pass;contract_references_present;dependencies_accepted;pass_criteria_satisfied
M4-026,M4,Rollback,ACCEPTED,M4-025,src/publication/lifecycle/service.py,code_or_artifact_complete;required_tests_pass;contract_references_present;dependencies_accepted;pass_criteria_satisfied
M4-027,M4,Invalidation,ACCEPTED,M4-026,src/publication/lifecycle/service.py,code_or_artifact_complete;required_tests_pass;contract_references_present;dependencies_accepted;pass_criteria_satisfied
M4-028,M4,Withdrawal,ACCEPTED,M4-027,src/publication/lifecycle/service.py,code_or_artifact_complete;required_tests_pass;contract_references_present;dependencies_accepted;pass_criteria_satisfied
M4-029,M4,Publication Freeze Controls,ACCEPTED,M4-028,src/publication/freeze/repository.py;database/migrations/0048_publication_lifecycle.sql,code_or_artifact_complete;required_tests_pass;contract_references_present;dependencies_accepted;pass_criteria_satisfied
M4-030,M4,Stable Delivery Routing Contract,ACCEPTED,M4-029,registries/publication/delivery-routing.yaml;src/publication/routing/resolver.py,code_or_artifact_complete;required_tests_pass;contract_references_present;dependencies_accepted;pass_criteria_satisfied
M4-031,M4,Cache Invalidation Events,ACCEPTED,M4-030,src/publication/cache/events.py;registries/events/events.yaml;database/migrations/0165_reference_seed_data.sql,code_or_artifact_complete;required_tests_pass;contract_references_present;dependencies_accepted;pass_criteria_satisfied
M4-032,M4,Milestone 4 Certification Suite,ACCEPTED,M4-031,tests/certification/test_m4_publication_certification.py,code_or_artifact_complete;required_tests_pass;contract_references_present;dependencies_accepted;pass_criteria_satisfied
M5-001,M5,Release Persistence Completion,ACCEPTED,M4-032,database/migrations/0080_release_persistence.sql;src/release/repository/models.py;src/release/repository/release_repository.py;src/release/repository/__init__.py;tests/persistence/test_release_persistence_schema.py;tests/unit/release/test_release_repository.py;docs/implementation/M5-001.md,code_or_artifact_complete;required_tests_pass;contract_references_present;dependencies_accepted;pass_criteria_satisfied
M5-002,M5,Release Policy Registry,ACCEPTED,M5-001,registries/releases/release-policy-v1.0.yaml;src/release/policy/registry.py;src/release/policy/__init__.py;tests/unit/release/test_release_policy_registry.py;docs/implementation/M5-002.md,code_or_artifact_complete;required_tests_pass;contract_references_present;dependencies_accepted;pass_criteria_satisfied
M5-003,M5,Deterministic Membership Resolver,ACCEPTED,M5-002,src/release/membership/resolver.py;src/release/membership/__init__.py;tests/unit/release/test_membership_resolver.py;docs/implementation/M5-003.md,code_or_artifact_complete;required_tests_pass;contract_references_present;dependencies_accepted;pass_criteria_satisfied
M5-004,M5,Release Manifest Freezer,ACCEPTED,M5-003,src/release/manifest/freezer.py;src/release/manifest/__init__.py;database/migrations/0081_release_manifest_immutability.sql;tests/unit/release/test_manifest_freezer.py;tests/persistence/test_release_manifest_immutability.py;docs/implementation/M5-004.md,code_or_artifact_complete;required_tests_pass;contract_references_present;dependencies_accepted;pass_criteria_satisfied
M5-005,M5,Release Item Lifecycle,ACCEPTED,M5-004,src/release/lifecycle/service.py;database/migrations/0082_release_execution_control.sql;tests/unit/release/test_release_execution.py,code_or_artifact_complete;required_tests_pass;contract_references_present;dependencies_accepted;pass_criteria_satisfied
M5-006,M5,Bulk Generation Coordinator,ACCEPTED,M5-005,src/release/generation/coordinator.py;tests/unit/release/test_bulk_generation_coordinator.py,code_or_artifact_complete;required_tests_pass;contract_references_present;dependencies_accepted;pass_criteria_satisfied
M5-007,M5,Release Validation,ACCEPTED,M5-006,src/release/validation/engine.py;database/migrations/0082_release_execution_control.sql;tests/unit/release/test_release_execution.py,code_or_artifact_complete;required_tests_pass;contract_references_present;dependencies_accepted;pass_criteria_satisfied
M5-008,M5,Release Staging,ACCEPTED,M5-007,src/release/staging/service.py;tests/unit/release/test_release_execution.py,code_or_artifact_complete;required_tests_pass;contract_references_present;dependencies_accepted;pass_criteria_satisfied
M5-009,M5,Release Approval,ACCEPTED,M5-008,src/release/approval/service.py;database/migrations/0082_release_execution_control.sql;tests/unit/release/test_release_execution.py,code_or_artifact_complete;required_tests_pass;contract_references_present;dependencies_accepted;pass_criteria_satisfied
M5-010,M5,Chunked Publication,ACCEPTED,M5-009,src/release/rollout/service.py;tests/unit/release/test_release_execution.py,code_or_artifact_complete;required_tests_pass;contract_references_present;dependencies_accepted;pass_criteria_satisfied
M5-011,M5,Partial-Failure Policy Engine,ACCEPTED,M5-010,src/release/rollout/service.py;tests/unit/release/test_release_execution.py,code_or_artifact_complete;required_tests_pass;contract_references_present;dependencies_accepted;pass_criteria_satisfied
M5-012,M5,Release Reconciliation,ACCEPTED,M5-011,src/release/reconciliation/service.py;tests/unit/release/test_release_execution.py,code_or_artifact_complete;required_tests_pass;contract_references_present;dependencies_accepted;pass_criteria_satisfied
M5-013,M5,Release Rollback,ACCEPTED,M5-012,src/release/rollback/service.py;tests/unit/release/test_release_execution.py,code_or_artifact_complete;required_tests_pass;contract_references_present;dependencies_accepted;pass_criteria_satisfied
M5-014,M5,Release Cancellation,ACCEPTED,M5-013,src/release/cancellation/service.py;tests/unit/release/test_release_execution.py,code_or_artifact_complete;required_tests_pass;contract_references_present;dependencies_accepted;pass_criteria_satisfied
M5-015,M5,Fleet Health Model,ACCEPTED,M5-014,src/operations/health/models.py;src/operations/health/fleet_health.py;tests/unit/operations/test_health_models.py,code_or_artifact_complete;required_tests_pass;contract_references_present;dependencies_accepted;pass_criteria_satisfied
M5-016,M5,Property Health Model,ACCEPTED,M5-015,src/operations/health/models.py;src/operations/health/property_health.py;tests/unit/operations/test_health_models.py,code_or_artifact_complete;required_tests_pass;contract_references_present;dependencies_accepted;pass_criteria_satisfied
M5-017,M5,Operations Read Models,ACCEPTED,M5-016,src/operations/read_models/models.py;src/operations/read_models/repository.py;database/migrations/0083_operations_health_and_integrity.sql;tests/unit/operations/test_read_models.py,code_or_artifact_complete;required_tests_pass;contract_references_present;dependencies_accepted;pass_criteria_satisfied
M5-018,M5,Reconciliation Rule Registry,ACCEPTED,M5-017,registries/reconciliation-rules/core.yaml;src/operations/reconciliation/registry.py;tests/unit/operations/test_reconciliation_registry.py,code_or_artifact_complete;required_tests_pass;contract_references_present;dependencies_accepted;pass_criteria_satisfied
M5-019,M5,Publication Pointer Integrity Sweep,ACCEPTED,M5-018,src/operations/monitoring/pointer_integrity.py;src/operations/monitoring/models.py;database/migrations/0083_operations_health_and_integrity.sql;tests/unit/operations/test_integrity_sweeps.py,code_or_artifact_complete;required_tests_pass;contract_references_present;dependencies_accepted;pass_criteria_satisfied
M5-020,M5,Orphan Detection,ACCEPTED,M5-019,src/operations/monitoring/orphans.py;src/operations/monitoring/models.py;tests/unit/operations/test_integrity_sweeps.py,code_or_artifact_complete;required_tests_pass;contract_references_present;dependencies_accepted;pass_criteria_satisfied
M5-021,M5,Stuck-Job Detection,ACCEPTED,M5-020,src/operations/monitoring/stuck_jobs.py;src/operations/monitoring/models.py;tests/unit/operations/test_integrity_sweeps.py,code_or_artifact_complete;required_tests_pass;contract_references_present;dependencies_accepted;pass_criteria_satisfied
M5-022,M5,Release Integrity Sweep,ACCEPTED,M5-021,src/operations/monitoring/release_integrity.py;src/operations/monitoring/models.py;tests/unit/operations/test_integrity_sweeps.py;tests/persistence/test_operations_health_migration.py,code_or_artifact_complete;required_tests_pass;contract_references_present;dependencies_accepted;pass_criteria_satisfied
M5-023,M5,Incident Persistence & Lifecycle,ACCEPTED,M5-022,database/migrations/0084_incident_recovery_control.sql;src/operations/incidents/models.py;src/operations/incidents/repository.py;src/operations/incidents/service.py;tests/unit/operations/test_incident_lifecycle.py,code_or_artifact_complete;required_tests_pass;contract_references_present;dependencies_accepted;pass_criteria_satisfied
M5-024,M5,Automatic Containment,ACCEPTED,M5-023,registries/operations/containment-rules.yaml;src/operations/containment/registry.py;src/operations/containment/service.py;tests/unit/operations/test_containment.py,code_or_artifact_complete;required_tests_pass;contract_references_present;dependencies_accepted;pass_criteria_satisfied
M5-025,M5,Recovery Command Framework,ACCEPTED,M5-024,registries/operations/recovery-actions.yaml;src/operations/recovery/registry.py;src/operations/recovery/framework.py;tests/unit/operations/test_recovery_framework.py,code_or_artifact_complete;required_tests_pass;contract_references_present;dependencies_accepted;pass_criteria_satisfied
M5-026,M5,Explicit Recovery Actions,ACCEPTED,M5-025,src/operations/recovery/actions.py;database/migrations/0167_reference_seed_data.sql;tests/unit/operations/test_explicit_recovery_actions.py;tests/persistence/test_incident_recovery_migration.py,code_or_artifact_complete;required_tests_pass;contract_references_present;dependencies_accepted;pass_criteria_satisfied
M5-027,M5,Backup Verification,ACCEPTED,M5-026,src/operations/backup/models.py;src/operations/backup/repository.py;src/operations/backup/service.py;database/migrations/0085_backup_restore_operations.sql;database/migrations/0168_reference_seed_data.sql;tests/unit/operations/test_backup_verification.py;tests/persistence/test_backup_restore_operations_migration.py,code_or_artifact_complete;required_tests_pass;contract_references_present;dependencies_accepted;pass_criteria_satisfied
M5-028,M5,Restore Verification,ACCEPTED,M5-027,src/operations/restore/models.py;src/operations/restore/repository.py;src/operations/restore/service.py;database/migrations/0085_backup_restore_operations.sql;tests/unit/operations/test_restore_verification.py,code_or_artifact_complete;required_tests_pass;contract_references_present;dependencies_accepted;pass_criteria_satisfied
M5-029,M5,Post-Restore Publication Freeze,ACCEPTED,M5-028,src/operations/restore/service.py;src/operations/restore/repository.py;src/publication/freeze/repository.py;database/migrations/0085_backup_restore_operations.sql;tests/unit/operations/test_restore_verification.py,code_or_artifact_complete;required_tests_pass;contract_references_present;dependencies_accepted;pass_criteria_satisfied
M5-030,M5,Operations Dashboard Projections,ACCEPTED,M5-029,src/operations/dashboard/models.py;src/operations/dashboard/projection.py;database/migrations/0085_backup_restore_operations.sql;tests/unit/operations/test_dashboard_projection.py,code_or_artifact_complete;required_tests_pass;contract_references_present;dependencies_accepted;pass_criteria_satisfied
M5-031,M5,Milestone 5 Certification Suite,ACCEPTED,M5-030,tests/certification/m5/test_milestone5_certification.py,code_or_artifact_complete;required_tests_pass;contract_references_present;dependencies_accepted;pass_criteria_satisfied
M6-001,M6,Service Identity Registry,ACCEPTED,M5-031,registries/security/service-identities-v1.0.yaml;src/security/identity/models.py;src/security/identity/registry.py;tests/contract/security/test_service_identity_registry.py;docs/implementation/M6-001.md,code_or_artifact_complete;required_tests_pass;contract_references_present;dependencies_accepted;pass_criteria_satisfied
M6-002,M6,Service Authentication Boundary,ACCEPTED,M6-001,src/security/authentication/models.py;src/security/authentication/boundary.py;tests/unit/security/test_service_authentication_boundary.py;docs/implementation/M6-002.md,code_or_artifact_complete;required_tests_pass;contract_references_present;dependencies_accepted;pass_criteria_satisfied
M6-003,M6,Database Least-Privilege Completion,ACCEPTED,M6-002,database/migrations/0142_service_roles.sql;database/migrations/0143_least_privilege_completion.sql;database/tests/test_service_role_permissions.sql;tests/persistence/security/test_database_least_privilege_sql.py;docs/implementation/M6-003.md,code_or_artifact_complete;required_tests_pass;contract_references_present;dependencies_accepted;pass_criteria_satisfied
M6-004,M6,Human Role Registry,ACCEPTED,M6-003,registries/security/human-roles-v1.0.yaml;src/security/authorization/models.py;src/security/authorization/registry.py;tests/contract/security/test_human_role_registry.py;docs/implementation/M6-004.md,code_or_artifact_complete;required_tests_pass;contract_references_present;dependencies_accepted;pass_criteria_satisfied
M6-005,M6,Authorization Policy Engine,ACCEPTED,M6-004,src/security/authorization/policy.py;src/security/authorization/__init__.py;tests/unit/security/test_authorization_policy.py;docs/implementation/M6-005.md,code_or_artifact_complete;required_tests_pass;contract_references_present;dependencies_accepted;pass_criteria_satisfied
M6-006,M6,Property-Scoped Authorization,ACCEPTED,M6-005,src/security/authorization/property_scope.py;tests/unit/security/test_property_scoped_authorization.py;docs/implementation/M6-006.md,code_or_artifact_complete;required_tests_pass;contract_references_present;dependencies_accepted;pass_criteria_satisfied
M6-007,M6,Audience Enforcement,ACCEPTED,M6-006,registries/security/audience-policy-v1.0.yaml;src/security/audience/registry.py;src/security/audience/enforcement.py;tests/contract/security/test_audience_policy_registry.py;tests/unit/security/test_audience_enforcement.py;docs/implementation/M6-007.md,code_or_artifact_complete;required_tests_pass;contract_references_present;dependencies_accepted;pass_criteria_satisfied
M6-008,M6,Response DTO Segregation,ACCEPTED,M6-007,src/security/responses/dto.py;src/security/responses/projector.py;tests/unit/security/test_response_dto_segregation.py;docs/implementation/M6-008.md,code_or_artifact_complete;required_tests_pass;contract_references_present;dependencies_accepted;pass_criteria_satisfied
M6-009,M6,Negative-Field Protection,ACCEPTED,M6-008,src/security/responses/negative_fields.py;tests/unit/security/test_negative_field_protection.py;docs/implementation/M6-009.md,code_or_artifact_complete;required_tests_pass;contract_references_present;dependencies_accepted;pass_criteria_satisfied
M6-010,M6,Private Media Authorization,ACCEPTED,M6-009,src/security/media/access.py;src/security/media/__init__.py;tests/unit/security/test_private_media_authorization.py;docs/implementation/M6-010.md,code_or_artifact_complete;required_tests_pass;contract_references_present;dependencies_accepted;pass_criteria_satisfied
M6-011,M6,Historical Report Access Control,ACCEPTED,M6-010,src/security/history/access.py;src/security/history/__init__.py;tests/unit/security/test_historical_report_access_control.py;docs/implementation/M6-011.md,code_or_artifact_complete;required_tests_pass;contract_references_present;dependencies_accepted;pass_criteria_satisfied
M6-012,M6,Privileged Command Authorization,ACCEPTED,M6-011,registries/security/privileged-command-policy-v1.0.yaml;src/security/privileged/registry.py;src/security/privileged/authorization.py;src/security/privileged/__init__.py;tests/contract/security/test_privileged_command_registry.py;tests/unit/security/test_privileged_command_authorization.py;docs/implementation/M6-012.md,code_or_artifact_complete;required_tests_pass;contract_references_present;dependencies_accepted;pass_criteria_satisfied
M6-013,M6,Break-Glass Controls,ACCEPTED,M6-012,,code_or_artifact_complete;required_tests_pass;contract_references_present;dependencies_accepted;pass_criteria_satisfied
M6-014,M6,Security Event Taxonomy,ACCEPTED,M6-013,,code_or_artifact_complete;required_tests_pass;contract_references_present;dependencies_accepted;pass_criteria_satisfied
M6-015,M6,Security Audit Persistence,ACCEPTED,M6-014,,code_or_artifact_complete;required_tests_pass;contract_references_present;dependencies_accepted;pass_criteria_satisfied
M6-016,M6,Certification Persistence,ACCEPTED,M6-015,,code_or_artifact_complete;required_tests_pass;contract_references_present;dependencies_accepted;pass_criteria_satisfied
M6-017,M6,Synthetic Fleet Generator,ACCEPTED,M6-016,,code_or_artifact_complete;required_tests_pass;contract_references_present;dependencies_accepted;pass_criteria_satisfied
M6-018,M6,Synthetic Scenario Registry,ACCEPTED,M6-017,,code_or_artifact_complete;required_tests_pass;contract_references_present;dependencies_accepted;pass_criteria_satisfied
M6-019,M6,Golden Fixture Framework,ACCEPTED,M6-018,,code_or_artifact_complete;required_tests_pass;contract_references_present;dependencies_accepted;pass_criteria_satisfied
M6-020,M6,Normal Lifecycle Suite,ACCEPTED,M6-019,,code_or_artifact_complete;required_tests_pass;contract_references_present;dependencies_accepted;pass_criteria_satisfied
M6-021,M6,Idempotency Suite,ACCEPTED,M6-020,,code_or_artifact_complete;required_tests_pass;contract_references_present;dependencies_accepted;pass_criteria_satisfied
M6-022,M6,Variant-Isolation Suite,ACCEPTED,M6-021,,code_or_artifact_complete;required_tests_pass;contract_references_present;dependencies_accepted;pass_criteria_satisfied
M6-023,M6,Stale-Build Suite,ACCEPTED,M6-022,,code_or_artifact_complete;required_tests_pass;contract_references_present;dependencies_accepted;pass_criteria_satisfied
M6-024,M6,Publication Race Suite,ACCEPTED,M6-023,,code_or_artifact_complete;required_tests_pass;contract_references_present;dependencies_accepted;pass_criteria_satisfied
M6-025,M6,Rollback / Invalidation Suite,ACCEPTED,M6-024,,code_or_artifact_complete;required_tests_pass;contract_references_present;dependencies_accepted;pass_criteria_satisfied
M6-026,M6,Release Suite,ACCEPTED,M6-025,,code_or_artifact_complete;required_tests_pass;contract_references_present;dependencies_accepted;pass_criteria_satisfied
M6-027,M6,Recovery Suite,ACCEPTED,M6-026,,code_or_artifact_complete;required_tests_pass;contract_references_present;dependencies_accepted;pass_criteria_satisfied
M6-028,M6,Security Mutation Suite,ACCEPTED,M6-027,,code_or_artifact_complete;required_tests_pass;contract_references_present;dependencies_accepted;pass_criteria_satisfied
M6-029,M6,Leakage / Negative-Field Suite,ACCEPTED,M6-028,,code_or_artifact_complete;required_tests_pass;contract_references_present;dependencies_accepted;pass_criteria_satisfied
M6-030,M6,Chaos Harness,ACCEPTED,M6-029,,code_or_artifact_complete;required_tests_pass;contract_references_present;dependencies_accepted;pass_criteria_satisfied
M6-031,M6,Disaster-Recovery Certification,ACCEPTED,M6-030,,code_or_artifact_complete;required_tests_pass;contract_references_present;dependencies_accepted;pass_criteria_satisfied
M6-032,M6,Reproducibility Suite,ACCEPTED,M6-031,,code_or_artifact_complete;required_tests_pass;contract_references_present;dependencies_accepted;pass_criteria_satisfied
M6-033,M6,Hard-Zero Metric Engine,ACCEPTED,M6-032,,code_or_artifact_complete;required_tests_pass;contract_references_present;dependencies_accepted;pass_criteria_satisfied
M6-034,M6,Certification Runner,ACCEPTED,M6-033,,code_or_artifact_complete;required_tests_pass;contract_references_present;dependencies_accepted;pass_criteria_satisfied
M6-035,M6,Milestone 6 Final Certification Suite,ACCEPTED,M6-034,,code_or_artifact_complete;required_tests_pass;contract_references_present;dependencies_accepted;pass_criteria_satisfied
M7-001,M7,Production Certification Persistence Completion,ACCEPTED,M6-035,database/migrations/0087_production_certification_persistence.sql;src/production_certification/__init__.py;src/production_certification/models.py;src/production_certification/repository.py;tests/persistence/certification/test_production_certification_persistence_sql.py;tests/unit/production_certification/test_persistence_models.py;docs/implementation/M7-001.md,code_or_artifact_complete;required_tests_pass;contract_references_present;dependencies_accepted;pass_criteria_satisfied
M7-002,M7,Certification Candidate Freeze,ACCEPTED,M7-001,database/migrations/0088_production_candidate_manifest_environment.sql;src/production_certification/candidate/__init__.py;src/production_certification/candidate/freeze.py;tests/unit/production_certification/test_candidate_freeze.py;tests/persistence/certification/test_candidate_manifest_environment_sql.py;docs/implementation/M7-002.md,code_or_artifact_complete;required_tests_pass;contract_references_present;dependencies_accepted;pass_criteria_satisfied
M7-003,M7,Contract / Build Manifest Pinning,ACCEPTED,M7-002,src/production_certification/manifests/__init__.py;src/production_certification/manifests/pinning.py;tests/unit/production_certification/test_manifest_pinning.py;docs/implementation/M7-003.md,code_or_artifact_complete;required_tests_pass;contract_references_present;dependencies_accepted;pass_criteria_satisfied
M7-004,M7,Environment Parity Verification,ACCEPTED,M7-003,registries/production-certification/environment-parity.yaml;src/production_certification/environment/__init__.py;src/production_certification/environment/parity.py;tests/unit/production_certification/test_environment_parity.py;docs/implementation/M7-004.md,code_or_artifact_complete;required_tests_pass;contract_references_present;dependencies_accepted;pass_criteria_satisfied
M7-005,M7,Production Configuration Validation,ACCEPTED,M7-004,registries/production-certification/configuration-policy.yaml;src/production_certification/configuration/validation.py;database/migrations/0089_production_configuration_and_pilot.sql;tests/unit/production_certification/test_configuration_validation.py,code_or_artifact_complete;required_tests_pass;contract_references_present;dependencies_accepted;pass_criteria_satisfied
M7-006,M7,Real-Property Pilot Eligibility Resolver,ACCEPTED,M7-005,registries/production-certification/pilot-eligibility.yaml;src/production_certification/pilot/eligibility.py;database/migrations/0089_production_configuration_and_pilot.sql;tests/unit/production_certification/test_pilot_eligibility.py,code_or_artifact_complete;required_tests_pass;contract_references_present;dependencies_accepted;pass_criteria_satisfied
M7-007,M7,Shadow Mode Orchestrator,ACCEPTED,M7-006,src/production_certification/shadow/orchestrator.py;tests/unit/production_certification/test_shadow_orchestrator.py,code_or_artifact_complete;required_tests_pass;contract_references_present;dependencies_accepted;pass_criteria_satisfied
M7-008,M7,Shadow Cycle Tracking,ACCEPTED,M7-007,database/migrations/0090_shadow_cycle_manual_audit.sql;src/production_certification/shadow/tracking.py;tests/unit/production_certification/test_shadow_cycle_tracking.py;tests/persistence/certification/test_shadow_manual_audit_persistence_sql.py;docs/implementation/M7-008.md,code_or_artifact_complete;required_tests_pass;contract_references_present;dependencies_accepted;pass_criteria_satisfied
M7-009,M7,Manual Audit Sample Builder,ACCEPTED,M7-008,registries/production-certification/manual-audit-policy.yaml;src/production_certification/audit/sample.py;tests/unit/production_certification/test_manual_audit_sample.py;docs/implementation/M7-009.md,code_or_artifact_complete;required_tests_pass;contract_references_present;dependencies_accepted;pass_criteria_satisfied
M7-010,M7,Manual Audit Evidence Capture,ACCEPTED,M7-009,src/production_certification/audit/evidence.py;tests/unit/production_certification/test_manual_audit_evidence.py;docs/implementation/M7-010.md,code_or_artifact_complete;required_tests_pass;contract_references_present;dependencies_accepted;pass_criteria_satisfied
M7-011,M7,Shadow Acceptance Engine,ACCEPTED,M7-010,registries/production-certification/shadow-acceptance-policy.yaml;src/production_certification/shadow/acceptance.py;database/migrations/0091_shadow_acceptance_stop_limited_approval.sql;tests/unit/production_certification/test_shadow_acceptance.py,code_or_artifact_complete;required_tests_pass;contract_references_present;dependencies_accepted;pass_criteria_satisfied
M7-012,M7,Go-Live Stop Condition Engine,ACCEPTED,M7-011,registries/production-certification/go-live-stop-policy.yaml;src/production_certification/go_live/stop_conditions.py;database/migrations/0091_shadow_acceptance_stop_limited_approval.sql;tests/unit/production_certification/test_go_live_stop_conditions.py,code_or_artifact_complete;required_tests_pass;contract_references_present;dependencies_accepted;pass_criteria_satisfied
M7-013,M7,Limited Approval,ACCEPTED,M7-012,registries/production-certification/limited-approval-policy.yaml;src/production_certification/approval/limited.py;database/migrations/0091_shadow_acceptance_stop_limited_approval.sql;tests/unit/production_certification/test_limited_approval.py;tests/persistence/certification/test_go_live_acceptance_sql.py,code_or_artifact_complete;required_tests_pass;contract_references_present;dependencies_accepted;pass_criteria_satisfied
M7-014,M7,Cohort Registry & Membership Freezing,ACCEPTED,M7-013,registries/production-certification/cohort-policy.yaml;src/production_certification/cohort/membership.py;database/migrations/0092_cohort_25_rollout.sql;tests/unit/production_certification/test_cohort_membership.py;tests/persistence/certification/test_cohort_25_rollout_sql.py;docs/implementation/M7-014.md,code_or_artifact_complete;required_tests_pass;contract_references_present;dependencies_accepted;pass_criteria_satisfied
M7-015,M7,Cohort 25 Deployment,ACCEPTED,M7-014,src/production_certification/cohort/deployment.py;src/production_certification/repository.py;tests/unit/production_certification/test_cohort_25_deployment.py;docs/implementation/M7-015.md,code_or_artifact_complete;required_tests_pass;contract_references_present;dependencies_accepted;pass_criteria_satisfied
M7-016,M7,Cohort Evidence Certification,ACCEPTED,M7-015,registries/production-certification/cohort-evidence-certification.yaml;src/production_certification/cohort/certification.py;tests/unit/production_certification/test_cohort_evidence_certification.py;docs/implementation/M7-016.md,code_or_artifact_complete;required_tests_pass;contract_references_present;dependencies_accepted;pass_criteria_satisfied
M7-017,M7,Cohort 100 Deployment,ACCEPTED,M7-016,registries/production-certification/progressive-rollout-policy.yaml;src/production_certification/cohort/progressive.py;database/migrations/0093_progressive_cohort_rollout.sql;tests/unit/production_certification/test_progressive_cohort_rollout.py;tests/persistence/certification/test_progressive_cohort_rollout_sql.py,code_or_artifact_complete;required_tests_pass;contract_references_present;dependencies_accepted;pass_criteria_satisfied
M7-018,M7,Cohort 500 Deployment,ACCEPTED,M7-017,registries/production-certification/progressive-rollout-policy.yaml;src/production_certification/cohort/progressive.py;database/migrations/0093_progressive_cohort_rollout.sql;tests/unit/production_certification/test_progressive_cohort_rollout.py;tests/persistence/certification/test_progressive_cohort_rollout_sql.py,code_or_artifact_complete;required_tests_pass;contract_references_present;dependencies_accepted;pass_criteria_satisfied
M7-019,M7,Remaining Fleet Deployment,ACCEPTED,M7-018,registries/production-certification/progressive-rollout-policy.yaml;src/production_certification/cohort/progressive.py;database/migrations/0093_progressive_cohort_rollout.sql;tests/unit/production_certification/test_progressive_cohort_rollout.py;tests/persistence/certification/test_progressive_cohort_rollout_sql.py,code_or_artifact_complete;required_tests_pass;contract_references_present;dependencies_accepted;pass_criteria_satisfied
M7-020,M7,Manual Publication Policy,ACCEPTED,M7-019,registries/production-certification/manual-publication-policy.yaml;src/production_certification/go_live/publication_control.py;tests/unit/production_certification/test_publication_control.py;docs/implementation/M7-020.md,code_or_artifact_complete;required_tests_pass;contract_references_present;dependencies_accepted;pass_criteria_satisfied
M7-021,M7,Progressive Automation Policy,ACCEPTED,M7-020,registries/production-certification/progressive-automation-policy.yaml;src/production_certification/go_live/publication_control.py;database/migrations/0094_publication_automation_baselines.sql;tests/unit/production_certification/test_publication_control.py;tests/persistence/test_publication_automation_baseline_schema.py;docs/implementation/M7-021.md,code_or_artifact_complete;required_tests_pass;contract_references_present;dependencies_accepted;pass_criteria_satisfied
M7-022,M7,Rollback Baseline Capture,ACCEPTED,M7-021,src/production_certification/go_live/publication_control.py;database/migrations/0094_publication_automation_baselines.sql;tests/unit/production_certification/test_publication_control.py;tests/persistence/test_publication_automation_baseline_schema.py;docs/implementation/M7-022.md,code_or_artifact_complete;required_tests_pass;contract_references_present;dependencies_accepted;pass_criteria_satisfied
M7-023,M7,Cohort Rollback / Containment,ACCEPTED,M7-022,src/production_certification/go_live/finalization.py;database/migrations/0095_final_production_approval.sql;tests/unit/production_certification/test_finalization.py;tests/persistence/test_final_production_approval_schema.py;docs/implementation/M7-023.md,code_or_artifact_complete;required_tests_pass;contract_references_present;dependencies_accepted;pass_criteria_satisfied
M7-024,M7,Certification Evidence Bundle,ACCEPTED,M7-023,src/production_certification/go_live/finalization.py;database/migrations/0095_final_production_approval.sql;tests/unit/production_certification/test_finalization.py;tests/persistence/test_final_production_approval_schema.py;docs/implementation/M7-024.md,code_or_artifact_complete;required_tests_pass;contract_references_present;dependencies_accepted;pass_criteria_satisfied
M7-025,M7,Certification Revocation,ACCEPTED,M7-024,src/production_certification/go_live/finalization.py;database/migrations/0095_final_production_approval.sql;tests/unit/production_certification/test_finalization.py;tests/persistence/test_final_production_approval_schema.py;docs/implementation/M7-025.md,code_or_artifact_complete;required_tests_pass;contract_references_present;dependencies_accepted;pass_criteria_satisfied
M7-026,M7,Formal FULL_APPROVAL,ACCEPTED,M7-025,src/production_certification/go_live/finalization.py;registries/production-certification/full-approval-policy.yaml;database/migrations/0095_final_production_approval.sql;tests/unit/production_certification/test_finalization.py;tests/persistence/test_final_production_approval_schema.py;docs/implementation/M7-026.md,code_or_artifact_complete;required_tests_pass;contract_references_present;dependencies_accepted;pass_criteria_satisfied
M7-027,M7,Milestone 7 Final Certification Suite,BLOCKED,M7-026,registries/production-certification/final-certification-policy.yaml;src/production_certification/certification/__init__.py;src/production_certification/certification/final_suite.py;tests/certification/m7/test_milestone7_final_certification.py;docs/implementation/M7-027.md;scripts/certification/run_live_postgres_certification.py;tests/certification/m7/test_live_postgres_certification_harness.py;docs/runbooks/M7-027-LIVE-POSTGRES-CERTIFICATION.md;database/migrations/0143_least_privilege_completion.sql;.github/workflows/m7-live-postgres-certification.yml;tests/certification/m7/test_live_postgres_github_workflow.py;src/production_certification/certification/finalizer.py;scripts/certification/finalize_m7_from_live_evidence.py;tests/certification/m7/test_m7_live_evidence_finalizer.py;scripts/certification/freeze_repository_candidate.py;tests/certification/m7/test_repository_candidate_freeze.py;.gitignore;scripts/certification/bootstrap_github_remote.py;tests/certification/m7/test_github_repository_bootstrap.py,code_or_artifact_complete;required_tests_pass;contract_references_present;dependencies_accepted;pass_criteria_satisfied
M8-001,M8,Presentation Package Bootstrap,NOT_STARTED,M7-027,,code_or_artifact_complete;required_tests_pass;contract_references_present;dependencies_accepted;pass_criteria_satisfied
M8-002,M8,Design Token System,NOT_STARTED,M8-001,,code_or_artifact_complete;required_tests_pass;contract_references_present;dependencies_accepted;pass_criteria_satisfied
M8-003,M8,Shared Component Primitives,NOT_STARTED,M8-002,,code_or_artifact_complete;required_tests_pass;contract_references_present;dependencies_accepted;pass_criteria_satisfied
M8-004,M8,Report Layout Shell,NOT_STARTED,M8-003,,code_or_artifact_complete;required_tests_pass;contract_references_present;dependencies_accepted;pass_criteria_satisfied
M8-005,M8,Friendly Label Runtime,NOT_STARTED,M8-004,,code_or_artifact_complete;required_tests_pass;contract_references_present;dependencies_accepted;pass_criteria_satisfied
M8-006,M8,Audience Presentation Policy,NOT_STARTED,M8-005,,code_or_artifact_complete;required_tests_pass;contract_references_present;dependencies_accepted;pass_criteria_satisfied
M8-007,M8,Agent Report Experience,NOT_STARTED,M8-006,,code_or_artifact_complete;required_tests_pass;contract_references_present;dependencies_accepted;pass_criteria_satisfied
M8-008,M8,Seller Report Experience,NOT_STARTED,M8-007,,code_or_artifact_complete;required_tests_pass;contract_references_present;dependencies_accepted;pass_criteria_satisfied
M8-009,M8,Public Property Experience,NOT_STARTED,M8-008,,code_or_artifact_complete;required_tests_pass;contract_references_present;dependencies_accepted;pass_criteria_satisfied
M8-010,M8,Diagram Grammar Runtime,NOT_STARTED,M8-009,,code_or_artifact_complete;required_tests_pass;contract_references_present;dependencies_accepted;pass_criteria_satisfied
M8-011,M8,Lot / Context Diagram Renderer,NOT_STARTED,M8-010,,code_or_artifact_complete;required_tests_pass;contract_references_present;dependencies_accepted;pass_criteria_satisfied
M8-012,M8,Diagram Accessibility Layer,NOT_STARTED,M8-011,,code_or_artifact_complete;required_tests_pass;contract_references_present;dependencies_accepted;pass_criteria_satisfied
M8-013,M8,Media Pipeline,NOT_STARTED,M8-012,,code_or_artifact_complete;required_tests_pass;contract_references_present;dependencies_accepted;pass_criteria_satisfied
M8-014,M8,Media Slot Components,NOT_STARTED,M8-013,,code_or_artifact_complete;required_tests_pass;contract_references_present;dependencies_accepted;pass_criteria_satisfied
M8-015,M8,Evidence Disclosure Components,NOT_STARTED,M8-014,,code_or_artifact_complete;required_tests_pass;contract_references_present;dependencies_accepted;pass_criteria_satisfied
M8-016,M8,Confidence / Limitation Components,NOT_STARTED,M8-015,,code_or_artifact_complete;required_tests_pass;contract_references_present;dependencies_accepted;pass_criteria_satisfied
M8-017,M8,Responsive Layout System,NOT_STARTED,M8-016,,code_or_artifact_complete;required_tests_pass;contract_references_present;dependencies_accepted;pass_criteria_satisfied
M8-018,M8,Mobile Navigation & Progressive Disclosure,NOT_STARTED,M8-017,,code_or_artifact_complete;required_tests_pass;contract_references_present;dependencies_accepted;pass_criteria_satisfied
M8-019,M8,PDF Template Foundation,NOT_STARTED,M8-018,,code_or_artifact_complete;required_tests_pass;contract_references_present;dependencies_accepted;pass_criteria_satisfied
M8-020,M8,Agent PDF,NOT_STARTED,M8-019,,code_or_artifact_complete;required_tests_pass;contract_references_present;dependencies_accepted;pass_criteria_satisfied
M8-021,M8,Seller PDF,NOT_STARTED,M8-020,,code_or_artifact_complete;required_tests_pass;contract_references_present;dependencies_accepted;pass_criteria_satisfied
M8-022,M8,Public PDF,NOT_STARTED,M8-021,,code_or_artifact_complete;required_tests_pass;contract_references_present;dependencies_accepted;pass_criteria_satisfied
M8-023,M8,Print Templates,NOT_STARTED,M8-022,,code_or_artifact_complete;required_tests_pass;contract_references_present;dependencies_accepted;pass_criteria_satisfied
M8-024,M8,Accessibility Runtime & Tests,NOT_STARTED,M8-023,,code_or_artifact_complete;required_tests_pass;contract_references_present;dependencies_accepted;pass_criteria_satisfied
M8-025,M8,Stable Property Routing,NOT_STARTED,M8-024,,code_or_artifact_complete;required_tests_pass;contract_references_present;dependencies_accepted;pass_criteria_satisfied
M8-026,M8,Branding Runtime,NOT_STARTED,M8-025,,code_or_artifact_complete;required_tests_pass;contract_references_present;dependencies_accepted;pass_criteria_satisfied
M8-027,M8,Consumer Glossary UI,NOT_STARTED,M8-026,,code_or_artifact_complete;required_tests_pass;contract_references_present;dependencies_accepted;pass_criteria_satisfied
M8-028,M8,What Changed UI,NOT_STARTED,M8-027,,code_or_artifact_complete;required_tests_pass;contract_references_present;dependencies_accepted;pass_criteria_satisfied
M8-029,M8,Freshness / Version UI,NOT_STARTED,M8-028,,code_or_artifact_complete;required_tests_pass;contract_references_present;dependencies_accepted;pass_criteria_satisfied
M8-030,M8,Empty / Missing / Unavailable States,NOT_STARTED,M8-029,,code_or_artifact_complete;required_tests_pass;contract_references_present;dependencies_accepted;pass_criteria_satisfied
M8-031,M8,Visual Regression Harness,NOT_STARTED,M8-030,,code_or_artifact_complete;required_tests_pass;contract_references_present;dependencies_accepted;pass_criteria_satisfied
M8-032,M8,Golden Presentation Fixtures,NOT_STARTED,M8-031,,code_or_artifact_complete;required_tests_pass;contract_references_present;dependencies_accepted;pass_criteria_satisfied
M8-033,M8,Consumer Comprehension Test Harness,NOT_STARTED,M8-032,,code_or_artifact_complete;required_tests_pass;contract_references_present;dependencies_accepted;pass_criteria_satisfied
M8-034,M8,Template Certification Runtime,NOT_STARTED,M8-033,,code_or_artifact_complete;required_tests_pass;contract_references_present;dependencies_accepted;pass_criteria_satisfied
M8-035,M8,Milestone 8 Final Certification Suite,NOT_STARTED,M8-034,,code_or_artifact_complete;required_tests_pass;contract_references_present;dependencies_accepted;pass_criteria_satisfied
